record_id,title,journal,author,doi_for_requesting,original_paper_date
29427,Deep learning analysis of human behaviour recognition based on convolutional neural network analysis,Behaviour & Information Technology,Fuguang Yao,10.1080/0144929X.2020.1716390,2020-03-27T00:00:00Z
29030,Twenty-first birthday drinking: Extreme drinking episodes and white matter microstructural changes in the fornix and corpus callosum,Experimental and Clinical Psychopharmacology,Cassandra L Boness;Ozlem Korucuoglu;Jarrod M Ellingson;Anne M Merrill;Yoanna E McDowell;Constantine J Trela;Kenneth J Sher;Thomas M Piasecki;John G Kerns,10.1037/pha0000466,2020-10-01T00:00:00Z
27702,Determinants of self-reported adherence to inhaler therapy in patients with chronic obstructive pulmonary disease,Multidisciplinary Respiratory Medicine,Ilaria Aredano;Francesca de Blasio;Paola Berchialla;Luisa Brussino;Caterina Bucca;Paolo Sildoro,10.4081/mrm.2020.721,2020-05-05T00:00:00Z
23368,Health systems strengthening to optimise scale-up in global mental health in low- and middle-income countries: lessons from the frontlines,Epidemiology and Psychiatric Sciences,Inge Petersen;Andre van Rensburg;S Gigaba;Z P B Luvuno;L Fairall,10.1017/S2045796020000141,2020-02-07T00:00:00Z
22417,Prediction of cancer and coronary heart disease as a function of method of questionnaire administration,Psychological Reports,Ronald Grossarth-Maticek;Hans J Eysenck;Paul Barrett,10.1177/00332941930733pt101,1993-12-01T00:00:00Z
19633,An intentional basis for corporate personality,International Journal of Law in Context,Anthony Amatrudo,10.1017/S174455231200274,2012-09-01T00:00:00Z
22256,"Comparative study of psychological health status, emotions and cognitive transformation of children held in foster centers associated with Yazd provinceâ€™s welfare organization with those of the ordinary children",Journal of Fundamental and Applied Sciences,V Alinia;M Fesahat,10.4314/jfas.v10i6s.172,2018-05-01T00:00:00Z
22040,Knowledge-based expert system for predictive classification of main specific learning disabilities,Journal of Fundamental and Applied Sciences,R M Rasli;N A A Aziz;S A Salim;F M Razali;N M Norwawi;N Basir,10.4314/jfas.v10i6s.12,2018-03-07T00:00:00Z
21986,"Relationship between anxiety, stress and depression with spiritual health in patients with acute vascular syndrome coronary",Journal of Fundamental and Applied Sciences,M Rahmanian;F Honarmand;S Moghaddam;M Zeinijahromi,10.4314/jfas.v10i6s.61,2018-03-07T00:00:00Z
21865,The dynamic maturative model for attachment,Acta Medica Mediterranea,Agata Maltese;Beatrice Gallai;Palmira Romano;Lucrezia Dâ€™Oro;Rosa Marotta;Francesco Lavano;Serena Marianna Lavano;Gabriele Tripi;Margherita Salerno,10.19193/0393-6384_2017_2s_195,2017-07-01T00:00:00Z
19269,A Novel Method Based on Induced Aggregation Operator for Classroom Teaching Quality Evaluation with Probabilistic and Pythagorean Fuzzy Information,"EURASIA Journal of Mathematics, Science and Technology Education (EJMSTE)",Shouzhen Zeng;Nan Wang;Chonghui Zhang;Weihua Su,10.29333/ejmste/89518,2018-05-15T00:00:00Z
19045,Does Treatment Satisfaction Influence Adherence to Treatment?: Impact of AF Patients' Treatment Satisfaction on Adherence to Oral Anticoagulation Treatment,Blood,Sabrina Mueller;Anna Katharina Meinecke;Sandra Buchwald;Daniel Eriksson;Thomas Wilke,10.1182/blood-2018-08-870402,2017-12-07T00:00:00Z
19048,Real-World Adherence to Non-Vitamin K Antagonist Oral Anticoagulants in Patients with Atrial Fibrillation: Results of an International Survey,Blood,Sabrina Mueller;Anna Katharina Meinecke;Sandra Buchwald;Daniel Eriksson;Thomas Wilke,10.1182/blood-2018-08-870428,2017-12-07T00:00:00Z
21862,Anger in Children: A Minireview,Acta Medica Mediterranea,Agata Maltese;Palmira Romano;Lucrezia D'Oro;Beatrice Gallai,10.19193/0393-6384_2017_2s_191,2017-02-01T00:00:00Z
18154,Assessing empathy,Affilia,Susan J Roll,10.1177/0886109917743445,2017-07-14T00:00:00Z
17349,Renew Yourself: A Six-Step Plan for More Meaningful Work,The Journal of Academic Librarianship,Alexandra Simmons,10.1016/j.acalib.2017.09.011,2017-10-31T00:00:00Z
17350,The First-Year Experience Cookbook,The Journal of Academic Librarianship,Asheleigh A Folsom,10.1016/j.acalib.2017.09.012,2017-10-31T00:00:00Z
21874,The effects of overweight and obesity on cognitive functions and psychological well-being,Acta Medica Mediterranea,Marco La Marra;Anna Valenzano;;Maria Ruberto;Raffaella Perrella;Alessandro Iavarone;Sergio Chieffi;Vincenzo Monda;Giuseppe Davide Albano;Francesco Sessa;Gabriella Marsala;Domenico Centofanti;Monica Salerno;Antonio Ivano Triggiani;Antonietta Messina;Giorgio Caviglia,10.19193/0393-6384_2017_2s_190,2017-06-20T00:00:00Z
12523,Culture as a variable in neuroscience and clinical neuropsychology: a comprehensive review,Dementia & Neuropsychologia,Jose Roberto Wajman;Paulo Henrique Ferreira Bertolucci;LetÃ­cia Lessa Mansur;Serge Gauthier,10.1590/1980-57642016dn11-030016,2015-09-01T00:00:00Z
11320,Impact of shopper's creativeness on shopping methods: A case-study of students of University of Delhi (India),Journal of Process Management - New Technologies,Makarand Upadhyaya,10.5937/JPMNT1601076B,2014-07-04T00:00:00Z
6361,The Indirect Relationship Between Learning Climate and Employeesâ€™ Creativity and Adaptivity: The Role of Employee Engagement,Personnel Psychology,Liat Eldor;Itzhak Harpaz,10.1111/peps.1214,2016-01-27T00:00:00Z
8215,Developments in Combining Psychological Treatments for Trichotillomania: A Review and Future Directions,Western Undergraduate Psychology Journal,Bryanna Lucyk,NA,2016-04-06T00:00:00Z
9196,The experiences of mental health professionals' and patients' use of pro re nata (PRN) medication in acute adult mental health care settings: a systematic review protocol of qualitative evidence,JBI Database of Systematic Reviews and Implementation Reports,Bernadette Morkunas;Kylie Porritt;Matthew Stephenson,10.11124/jbisrir-2014-1669,2014-07-01T00:00:00Z
5531,"An Assessment of the Relation between Analysts' Earnings Forecast Accuracy, Motivational Incentives and Cognitive Information Search Strategy",The Accounting Review,James E Hunton;Ruth Ann McEwen,10.2308/accr-10450.s02,1997-10-01T00:00:00Z
3816,"Personal distress, but not sympathy, predicts the negative influence of bystanders on responding to an emergency","Cognitive, Affective & Behavioral Neuroscience (CABN)",Ruud Hortensius;Dennis J L G Schutter;Beatrice de Gelder,NA,2014-03-12T00:00:00Z
13040,Psychiatric Disorders,Sleepiness and Human Impact Assessment,Luigi Ferini-Strambi;Sara Marelli,NA,2014-01-01T00:00:00Z
3530,The Predictors of the Job Stress among Female Married Hospital Nurses,Industrial Health,Li Fang;Shu-Hui Fang;Yun-Ho Chung;Chin-Lin Fang,10.2486/indhealth.2014-0013,2014-05-07T00:00:00Z
16258,The impact of comprehension versus self-enhancement goals on group perception,Social Psychology,Arne van den Bos;Diederik A Stapel,10.1027/1864-9335.39.4.244,2008-10-01T00:00:00Z
586,Profiling the different needs and expectations of patients for population-based medicine: a case study using segmentation analysis,BMC Health Services Research,Federico Lega;Alessandro Mengoni,10.1186/1472-6963-13-180,2012-12-21T00:00:00Z
16240,Hardly thinking about close and distant others: On cognitive business and target closeness in social comparison effects,Journal of Experimental Social Psychology,Diederik A Stapel;David M Marx,10.1016/j.jesp.2005.05.006,2005-08-05T00:00:00Z
4149,The effects of diffuse and distinct affect,Journal of Personality and Social Psychology,Diederik A Stapel;Willem Koomen;Kirsten I Ruys,10.1037/0022-3514.83.1.60,2002-07-01T00:00:00Z
16884,Rising up to higher virtues: Experiencing elevated physical height uplifts prosocial actions,Journal of Experimental Social Psychology,Lawrence J Sanna;Edward C Chang;Paul M Miceli;Kristjen B Lundberg,10.1016/j.jesp.2010.12.013,2010-12-22T00:00:00Z
5758,The effect of color (red versus blue) on assimilation versus contrast in prime-to-behavior effects,Journal of Experimental Social Psychology,Dirk Smeesters;Jia (Elke) Liu,10.1016/j.jesp.2011.02.010,2011-02-19T00:00:00Z
5782,"Think and act globally, think and act locally: Cooperation depends on matching construal to action levels in social dilemmas",Journal of Experimental Social Psychology,Lawrence J Sanna;Kristjen B Lundberg;Craig D Parks;Edward C Chang,10.1016/j.jesp.2010.05.018,2010-06-25T00:00:00Z
16255,The downside of feeling better: Self-regard repair harms performance,Self and Identity,Camille S Johnson;Michael I Norton;Leif D Nelson;Diederik A Stapel;Tanya L Chartrand,10.1080/15298860701438414,2008-06-12T00:00:00Z
2853,Why people stereotype affects how they stereotype: the differential influence of comprehension goals and self-enhancement goals on stereotyping,Personality & Social Psychology Bulletin,Arne van den Bos;Diederik A Stapel,10.1177/0146167208325773,2009-01-01T00:00:00Z
1578,Behavioural effects of automatic interpersonal versus intergroup social comparison,British Journal of Social Psychology,EH Gordijn;Diederik A Stapel,NA,2006-12-01T00:00:00Z
5258,"Beauty as a tool: The effect of model attractiveness, product relevance, and elaboration likelihood on advertising effectiveness",Psychology & Marketing,Debra Trampe;Diederik A Stapel;Frans W Siero;H Mulder,10.1002/mar.20375,2010-11-04T00:00:00Z
17007,"Considering the Relationship Between Language, Culture and Cognition to Scrutinize the Lexical Influences on Cognition",Current Psychology,Iman Tohidian;Seyed Mahmoud Mir Tabatabaie,10.1007/s12144-010-9072-z,2010-01-19T00:00:00Z
1946,A Comparison of Impulsivity and Sensation Seeking in Pathological Gamblers and Skydivers,Scandinavian Journal of Psychology,Helga Myrseth;Renate Tvera;Susanne Hagatun;Canillia Lindgren,10.1111/j.1467-9450.2011.00944.x,2011-09-19T00:00:00Z
2976,"Reducing the harm of stress: medications to rescue the prefrontal cortex and overcome bad habits: the science of stress: focus on the brain, breaking bad habits, and chronic disease",The Yale Journal of Biology and Medicine,Lu E Jin,NA,2011-12-01T00:00:00Z
2506,"Norms for the Korean version of the Harvard Group Scale of Hypnotic Susceptibility, Form A",The International Journal of Clinical and Experimental Hypnosis,Young Don Pyun;Yun Joo Kim,10.1080/00207144.2012.631858,2009-01-01T00:00:00Z
15878,Analysis on the Influence of Self-awareness and Achievement Motivation on College Students' Academic Self-handicapping,2011 2nd IEEE International Conference on Emergency Management and Management Sciences,Kang Jing;Wang Wei,NA,2011-08-08T00:00:00Z
15931,Analysis on the Influence of Self-handicapping on College Students' Mental Health,2011 2nd IEEE International Conference on Emergency Management and Management Sciences,Kang Jing,NA,2011-08-08T00:00:00Z
15795,Construction and Analysis of Life Quality Between Physical Population and Non-physical Population in College Students,2011 2nd IEEE International Conference on Emergency Management and Management Sciences,Wang Wei;Kang Jing,NA,2011-08-08T00:00:00Z
15938,Empirical Study of the Impact of Physical Environment on the Employees Performance,2011 2nd IEEE International Conference on Emergency Management and Management Sciences,Li Yi,NA,2011-08-08T00:00:00Z
15784,On Establishment of Firefighting Army 's Psychological Aid Emergency System,2011 2nd IEEE International Conference on Emergency Management and Management Sciences,Hou Yi,NA,2011-08-08T00:00:00Z
15794,Risk Factors Analysis of Information Technology Outsourcing from the Distance-based Perspective,2011 2nd IEEE International Conference on Emergency Management and Management Sciences,Ma Yajing;Fang Deying;Chen Jianbin,NA,2011-08-08T00:00:00Z
15959,The New Research on the Establishment of the Mental Health Education System for Modern College Students,2011 2nd IEEE International Conference on Emergency Management and Management Sciences,Bao Ya-wei;Wan Yun;Xu Xue-lan,NA,2011-08-08T00:00:00Z
15920,The Review of Emergency Management Research,2011 2nd IEEE International Conference on Emergency Management and Management Sciences,Yang Gao;Congdong Li;Yinghong Zhao,NA,2011-08-08T00:00:00Z
15299,Collective Revelry Via Network and Group Psychological Motive of Chinese Netizens,"2011 2nd Intl Conf on Artificial Intelligence, Management Science and Electronic Commerce",Huiying Liu,NA,2011-08-08T00:00:00Z
15352,"Construction of Counseling Knowledge Based on the Specialized, Professional and Expertise of University Counselors","2011 2nd Intl Conf on Artificial Intelligence, Management Science and Electronic Commerce",Zhang Ming;Fang Qinli,NA,2011-08-08T00:00:00Z
16127,Leaders' influence tactics: A study of Chinese employees,"2011 2nd Intl Conf on Artificial Intelligence, Management Science and Electronic Commerce",Jiasheng Sun,NA,2011-08-08T00:00:00Z
15208,Study of Staff Internal Mobility in HRM,"2011 2nd Intl Conf on Artificial Intelligence, Management Science and Electronic Commerce",Gao Ying;Zhou Fang,NA,2011-08-08T00:00:00Z
15345,Suggestion for University Students' Ideological and Political Education,"2011 2nd Intl Conf on Artificial Intelligence, Management Science and Electronic Commerce",Yiyou,NA,2011-08-08T00:00:00Z
15353,The Test of Full Model Between Competency and Job Performance â€” A Case of College Counselor,"2011 2nd Intl Conf on Artificial Intelligence, Management Science and Electronic Commerce",Wen-Ming Su;Wei-li Wu,NA,2011-08-08T00:00:00Z
2249,The effectiveness of Korean number naming on insight into numbers in Dutch students with mild intellectual disabilities,Research in Developmental Disabilities,Johannes E H Van Luit;MariÃ«t J Van der Molen,10.1016/j.ridd.2011.03.014,2011-04-16T00:00:00Z
4708,Improving Treatment of Adolescent Depression in Primary Care: Clinician Training Enhancements for Nonmental Health Providers and Lessons Learned From Anticipatory Guidance and Treatment Adherence Interventionsjcap_255,"Journal of Child and Adolescent Psychiatric Nursing: Official Publication of the Association of Child and Adolescent Psychiatric Nurses, Inc (JCAPN)",Scott Weber;Kathryn R Puskar;Duanxu Ren,10.1111/j.1744-6171.2010.00255.x,2010-12-07T00:00:00Z
4701,Results of psychometric testing of the RADS-2 with school-based adolescents seeking assistance for sexual orientation and gender identity concerns. Part 2: Research brief,"Journal of Child and Adolescent Psychiatric Nursing: Official Publication of the Association of Child and Adolescent Psychiatric Nurses, Inc (JCAPN)",Scott Weber,10.1111/j.1744-6171.2009.00187.x,2009-06-17T00:00:00Z
4702,Treatment of trauma- and abuse-related dissociative symptom disorders in children and adolescents,"Journal of Child and Adolescent Psychiatric Nursing: Official Publication of the Association of Child and Adolescent Psychiatric Nurses, Inc (JCAPN)",Scott Weber,10.1111/j.1744-6171.2008.00163.x,2009-02-03T00:00:00Z
15759,An Analysis and Managerial Application on Work-family Conflict,2011 International Conference on Business Management and Electronic Information,Ping Xiao;Weifen Pu,NA,2011-05-13T00:00:00Z
15443,An Empirical Research on the Influence of Psychological Contract Violations on Customer Complaint Behavior,2011 International Conference on Business Management and Electronic Information,Tang Faliang,NA,2011-05-13T00:00:00Z
15441,Analysis on Current Situation and Developing Strategy of Tourism Market of College Students in Taiyuan,2011 International Conference on Business Management and Electronic Information,Hong-xia Yan,NA,2011-05-13T00:00:00Z
15578,"Citizens' Communal Coping Strategies to unFairness in Public Administration Domain: The Effects of Gender, Education and Trust in Government",2011 International Conference on Business Management and Electronic Information,Lin Jingyu;Zhou Jie;Li Yongjuan,NA,2011-05-13T00:00:00Z
15445,Incentive Research of Enterprise Employees Based on Psychology Contract Duality Classifies Model,2011 International Conference on Business Management and Electronic Information,Yu Zhitao;Liu Fen,NA,2011-05-13T00:00:00Z
15559,Measurement and Management on the Customer-based bBand Equity,2011 International Conference on Business Management and Electronic Information,Yijing Li;Yingchao Li,NA,2011-05-13T00:00:00Z
15565,Organization-level Stress Interventions: EAP Perspective,2011 International Conference on Business Management and Electronic Information,Zhun Gong;Yong Wang;Kan Zhang,NA,2011-05-13T00:00:00Z
15805,Perceived International Risk and Adaptive Marketing Tactics â€” On the Contingent Perspective of Global Marketing Theory,2011 International Conference on Business Management and Electronic Information,Wei Li;Yiqian Wan;Hui Xu,NA,2011-05-13T00:00:00Z
15595,Research on the Application of 4Ps Marketing Theory Based on Chinese Consumer Psychology,2011 International Conference on Business Management and Electronic Information,Liangfang Huang;Lingling Wang,NA,2011-05-13T00:00:00Z
15818,Research on the Relationship Between Perceived Organizational Support and Organizational Commitment: Evidence in China Context,2011 International Conference on Business Management and Electronic Information,Liao Shao-hong;Song Chun-ling,NA,2011-05-13T00:00:00Z
15561,The Impact of Job Characteristics on Job Burnout and Work Performance of Young Employees,2011 International Conference on Business Management and Electronic Information,Ting Nie;Ling Zhang,NA,2011-05-13T00:00:00Z
9829,A Neuroscience Lens to MIS Researh: NeuroIS,2011 International Conference on E-Business and E-Government (ICEE),Qing Xu;Tong Wang;Pengshuai Chen;Qianqian Zhu;Qiang Sheng;Qingguo Ma,NA,2011-05-06T00:00:00Z
9444,"A Relational Study on Personality Trait, Achievement Goal, and Test Anxiety in High School Students",2011 International Conference on E-Business and E-Government (ICEE),Rong Yao;Shanggui Song,NA,2011-05-06T00:00:00Z
9148,Comparative Study of Individual Knowledge Point & Knowledge Point Series-paralle Teaching in Computer Basic Teaching,2011 International Conference on E-Business and E-Government (ICEE),Yang Zhe,NA,2011-05-06T00:00:00Z
8993,Compensation system based on psychological contract for knowledge staff in high technology enterprise,2011 International Conference on E-Business and E-Government (ICEE),Zhou Bo;Pang Xiaohui,NA,2011-05-06T00:00:00Z
9933,"Consumer Bounded Rationality, Network Externality and the Evolution of E-Business Network Industry",2011 International Conference on E-Business and E-Government (ICEE),Huang Chunchun;Zhou Yean,NA,2011-05-06T00:00:00Z
14368,Effect of corporate philanthropy on consumers' purchasing intention,2011 International Conference on E-Business and E-Government (ICEE),Yao Qi,NA,2011-05-06T00:00:00Z
9655,Emotionalized design in web-based curriculum,2011 International Conference on E-Business and E-Government (ICEE),Min Wang;Chaochen Liu;Ping Yang,NA,2011-05-06T00:00:00Z
9233,Empirical Study on Chinese Employee's Career Development,2011 International Conference on E-Business and E-Government (ICEE),Yao Hui,NA,2011-05-06T00:00:00Z
8762,How to Build up the Teaching Mode of Develop Thinking,2011 International Conference on E-Business and E-Government (ICEE),Guan Xiaoming;Huang Xiangsheng;Wang Huaiping,NA,2011-05-06T00:00:00Z
9679,Investment Strategy for China Stock Market,2011 International Conference on E-Business and E-Government (ICEE),Tu Niansong;Long Jinru,NA,2011-05-06T00:00:00Z
9380,"Macroeconomic Crisis, Top Manager's Psychology and the Upgrading of Enterprises: Based on the Theory of TMT",2011 International Conference on E-Business and E-Government (ICEE),Guo Xiao,NA,2011-05-06T00:00:00Z
14868,Participation management: The cornerstone of constructing harmonious labor relations for multinational enterprise,2011 International Conference on E-Business and E-Government (ICEE),Minghua Pan,NA,2011-05-06T00:00:00Z
11684,Psychological contract violation and workplace deviance: The moderating role of negative reciprocity beliefs,2011 International Conference on E-Business and E-Government (ICEE),Zhen-Yuan Wang,NA,2011-05-06T00:00:00Z
9388,Relationship Between Interpersonal Conflict and Counterproductive Work Behavior: The Effects of Negative Affectivity,2011 International Conference on E-Business and E-Government (ICEE),Jianwei Zhang;Chengquan Wang;Yuxin Liu;Que Chen,NA,2011-05-06T00:00:00Z
8895,Research on Energy Performance Contracting Based on Consumer Psychology,2011 International Conference on E-Business and E-Government (ICEE),Liao Jia-Li;Liu Min,NA,2011-05-06T00:00:00Z
9322,Research on Individual Performance of Team: From the View of Disagreement,2011 International Conference on E-Business and E-Government (ICEE),Anzhou Li,NA,2011-05-06T00:00:00Z
9692,Research on Personality Character of Knowledge Worker and Motivate Factors,2011 International Conference on E-Business and E-Government (ICEE),Gu Fan;Su Yong,NA,2011-05-06T00:00:00Z
9705,Research on the Influencing Factors for the Urban Residents Low Carbon Energy Consumption Behavior,2011 International Conference on E-Business and E-Government (ICEE),Mi Lingyun;Nie Rui;Li Xiaohua;Li Hualong,NA,2011-05-06T00:00:00Z
9093,Research on the relationship between psychological capital and job performance in WISCO,2011 International Conference on E-Business and E-Government (ICEE),Zhang Yan;Zhang Lingli,NA,2011-05-06T00:00:00Z
9634,Study on relationship between job satisfaction and extra-role behavior,2011 International Conference on E-Business and E-Government (ICEE),Tao Peng;Miaomiao Yu;Yong Cao;Qiguang Zhu,NA,2011-05-06T00:00:00Z
9391,The Dimensions of Consumer Commitment and its Impact on Brand Price Loyalty: Empirical Study of Coffee Chain Store Brands,2011 International Conference on E-Business and E-Government (ICEE),Weil Liang,NA,2011-05-06T00:00:00Z
8954,The Influnces of Age Factor on Students' English Learning Strategies in Autonomy Learning,2011 International Conference on E-Business and E-Government (ICEE),Xu Shuyan;Yang Xianhua,NA,2011-05-06T00:00:00Z
8703,The Job Interview Characteristics of Our College Students and the Related Analysis,2011 International Conference on E-Business and E-Government (ICEE),Deng Lifang;Xu Wenzhe,NA,2011-05-06T00:00:00Z
9216,The Relationship of Network Centrality and Employees' Turnover Intention: The Mediating Role of Job Satisfaction and Group Commitment,2011 International Conference on E-Business and E-Government (ICEE),Ruilin Dai;Zhenyuan Wang,NA,2011-05-06T00:00:00Z
8729,The Statement of the Relationship Between the Educational Technology Development and Gagne,2011 International Conference on E-Business and E-Government (ICEE),Chuanhui Zhang;Weiyao Jiang,NA,2011-05-06T00:00:00Z
9930,The Study of Effects on Individual Career Management of Private Elementary and Middle Schools' Teachers â€” Taking Private Elementary and Middle Schools of Dongguan City for Example,2011 International Conference on E-Business and E-Government (ICEE),Zhao Min;Lv Youdian,NA,2011-05-06T00:00:00Z
14938,The study on the conceptualization of group citizen behavior of enterprise,2011 International Conference on E-Business and E-Government (ICEE),Lv Zheng-Bao,NA,2011-05-06T00:00:00Z
12558,Considerations for Talents in Creative Design for the Culture Creative Industry Development,2010 IEEE 11th International Conference on Computer-Aided Industrial Design & Conceptual Design 1,Guiyu Zheng;Maolai Cao,NA,2010-11-17T00:00:00Z
12548,Look at the Impact of Folk Visual Language on Modern Design from Zhu Xian Town's Lunar New Year's Painting,2010 IEEE 11th International Conference on Computer-Aided Industrial Design & Conceptual Design 1,Yangyang Song;Xu Zhou,NA,2010-11-17T00:00:00Z
12559,The Inspiration to Modern Landscape Design from â€œThe Story of Peach Blossom Springâ€,2010 IEEE 11th International Conference on Computer-Aided Industrial Design & Conceptual Design 1,Jing Zhang;Zhixin Wang,NA,2010-11-17T00:00:00Z
12958,Exploitation of innovative capacity for the 1980's employee based on psychological contract,2010 International Conference on Future Information Technology and Management Engineering,Gao Xiaoqin,10.1109/FITME.2010.5656235,2010-10-09T00:00:00Z
14777,The Status of Research Teaching in China,2010 International Conference on Education and Management Technology,Haifeng Chen;Miao He;Yi Pan,NA,2010-11-02T00:00:00Z
11415,Development of Smart System for Neck Comfort During Air Travel,2010 International Conference on Educational and Information Technology (ICEIT),CheeFai Tan;Wei Chen;Matthias Rauterberg,NA,2010-09-17T00:00:00Z
11368,New View of Developing Art Education of Normal University,2010 International Conference on Educational and Information Technology (ICEIT),Xiaochun Ma,NA,2010-09-17T00:00:00Z
11355,Study on Improving Effectiveness of College Freshmen Education,2010 International Conference on Educational and Information Technology (ICEIT),Shaomei Wang,NA,2010-09-17T00:00:00Z
13769,College students' social anxiety associated with stress and mental health,2010 IEEE 2nd Symposium on Web Society,Shi Kan;Jiang Nan;Chen Xuefeng;Wang Zhen;Gao Jing;Hu Weipeng,10.1109/SWS.2010.5607377,2010-08-16T00:00:00Z
13767,Look into the mind or look at the eyes: A comparison of Chinese and westerners' beliefs of lies,2010 IEEE 2nd Symposium on Web Society,Ning Zhang;Yuqing Zhang;Tingyu Zhang;Kankan Wu,10.1109/SWS.2010.5607394,2010-08-16T00:00:00Z
13020,An Analysis of Herding Behavior under Cognitive Bias Structure - A Stock Market Case Study,2010 International Conference on E-Business and E-Government,Zhu Wenjuan;Tian Jun;Chen Ying,NA,2010-05-07T00:00:00Z
11942,Empirical Research on the Measurement System of Top Management Team Human Capital Value,2010 International Conference on E-Business and E-Government,Chen Yue-Ming;Ge Yu-Hui;Song Zhi-Qiang,NA,2010-05-07T00:00:00Z
12520,Research on the Elder Tourism Market in Shanghai,2010 International Conference on E-Business and E-Government,Tang Wenting;Pan HaiLan;Wu Cuihong,NA,2010-05-07T00:00:00Z
12512,Studies on the Factors of Interaction Quality in Public Service Quality Management,2010 International Conference on E-Business and E-Government,Yang Kun;Hu Jing;Wang Bingjie,NA,2010-05-07T00:00:00Z
12517,Study on the Influence of Job Pressure on Staff's Performance in Service Industry - Taking Emotional Labor and Job Burnout as Intermediaries,2010 International Conference on E-Business and E-Government,Yu Wei;Zhang Yan,NA,2010-05-07T00:00:00Z
12035,The Exploration of Building Enterprise Education Practical Community for Undergraduate Students,2010 International Conference on E-Business and E-Government,Jingyang Wang;Shang Meng;Xiaohong Wang,NA,2010-05-07T00:00:00Z
12275,The Influence of Self-construal and Normative Evaluations on Impulse Buying,2010 International Conference on E-Business and E-Government,Xiong Suhong;Jing Fengjie,NA,2010-05-07T00:00:00Z
13008,The Influence of Work-Family Conflict and Supervisor Support on Job Satisfaction,2010 International Conference on E-Business and E-Government,Lin Qiu,NA,2010-05-07T00:00:00Z
13093,"The Relation Among Job Satisfaction, Stress Level and Self-efficacy of Safety Staff in Coal Mine",2010 International Conference on E-Business and E-Government,Li Jizu;Liu Jiuyuan,NA,2010-05-07T00:00:00Z
12239,Behavioural study on cognition of clothing color based on brightness,2010 6th International Conference on Natural Computation (ICNC),Xiao-Feng Jiang;Guo-Lian Liu;Fang Qin;Shan-Shan Wang,NA,2010-08-10T00:00:00Z
12317,Learning through organizational citizenship behavior,2010 6th International Conference on Natural Computation (ICNC),Jin-Zhao Deng,NA,2010-08-10T00:00:00Z
14081,Action Mechanism of Knowledge Conflict on Team Innovation,2010 International Conference on Management and Service Science,Xudong Ni;Ruoyang Gao,NA,2010-08-24T00:00:00Z
14062,How Service Climate Impacts on Service Performance: Evidence from China Hotel Industry,2010 International Conference on Management and Service Science,Wenli Li;Yagang Lu,NA,2010-08-24T00:00:00Z
14186,Influences on Unrealistic Optimism in Risk Perception and It's Developmental Mechanism,2010 International Conference on Management and Service Science,Xiaoping Liu;Hong Xie,NA,2010-08-24T00:00:00Z
14131,Study on Escalation Factors of Conversion from Task Conflict to Relationship Conflict,2010 International Conference on Management and Service Science,Xudong Ni;Ruoyang Gao,NA,2010-08-24T00:00:00Z
14105,The Effects of Internal Marketing on Service Branding,2010 International Conference on Management and Service Science,Ye Chen;Jing Zhao,NA,2010-08-24T00:00:00Z
14065,The Effects of Subordinate-Supervisor Conscientiousness Fit on Organizational Commitment and Career Satisfaction,2010 International Conference on Management and Service Science,Xiaoping Liu;Jinfei Zhou,NA,2010-08-24T00:00:00Z
13615,Research Review on the Purchase Psychologies and Behaviors of the â€œThree Highâ€ Sports Lottery Consumers,2010 The 2nd Conference on Environmental Science and Information Application Technology,Yang Liu;Wang Bin,NA,2010-07-17T00:00:00Z
11699,Design and Development of Athlete Information Management System,2010 3rd International Conference on Computer Science and Information Technology,He Xiuzhen,NA,2010-07-09T00:00:00Z
11585,From Disorder Applause to Emerging Rhythmic Clapping,2010 3rd International Conference on Computer Science and Information Technology,Kun Liu,NA,2010-07-09T00:00:00Z
11530,Fully Play the Advantages of Educational Technology to Support Individualized Education for Hearing-impaired Students,2010 3rd International Conference on Computer Science and Information Technology,Wu Xiao Fen;Xu Jia Cheng,NA,2010-07-09T00:00:00Z
11708,Study on the Key Factors of Innovation Management in Service Enterprise,2010 3rd International Conference on Computer Science and Information Technology,Ni Huijun;Yu Wei,NA,2010-07-09T00:00:00Z
11907,The Impact of Administration Services Center Staff's Emotional Labor on the Performance,2010 3rd International Conference on Computer Science and Information Technology,Yu Wei,NA,2010-07-09T00:00:00Z
14732,A Study on Factors Influencing Knowledge-sharing Activity for the Innovation Activity of Team,2010 IEEE International Conference on Advanced Management Science (ICAMS 2010),Jungwoo Lee;Jeongeun Kim;Yoengjong Han,NA,2010-07-09T00:00:00Z
14516,Application Research for Undergraduate Education Evaluation Method Based on SVM,2010 IEEE International Conference on Advanced Management Science (ICAMS 2010),Yandong Guo;Kai Yang,NA,2010-07-09T00:00:00Z
14234,Assessing Two Emotion Regulation Processes in Chinese Adolescents,2010 IEEE International Conference on Advanced Management Science (ICAMS 2010),Zhibin Chen,NA,2010-07-09T00:00:00Z
14702,"Board independence, executive overconfidence and financial leverage",2010 IEEE International Conference on Advanced Management Science (ICAMS 2010),Yan Yong-hai;Kong Yu-sheng,10.1109/ICAMS.2010.5553222,2010-07-09T00:00:00Z
14615,Dominant Organizational Culture in Iran,2010 IEEE International Conference on Advanced Management Science (ICAMS 2010),Mohammad Ali Sharifian;Vafa Moaydi,NA,2010-07-09T00:00:00Z
14437,Expanded Hotelling Model with introduction of informative advertising,2010 IEEE International Conference on Advanced Management Science (ICAMS 2010),Ji Nian;Hu Jia;Yu Qian,10.1109/ICAMS.2010.5553101,2010-07-09T00:00:00Z
14680,Identify the relationship between emotional intelligence and performance,2010 IEEE International Conference on Advanced Management Science (ICAMS 2010),Ali Mahdizadeh;Seyed Mehdi Hosseini;Gholamreza Mehdizadeh,10.1109/ICAMS.2010.5553085,2010-07-09T00:00:00Z
14547,Stay or Switch? An Examination to the Role of Alternative Attractiveness in Chinese Mobile Business,2010 IEEE International Conference on Advanced Management Science (ICAMS 2010),Zhou Fangwen;Wang Tao,NA,2010-07-09T00:00:00Z
14563,"Study on Psychological Relation Among Job Satisfaction, Stress Level and Self-efficacy of Safety Personnel in Coal Mine",2010 IEEE International Conference on Advanced Management Science (ICAMS 2010),Ji-zu Li;Ya-hui Wang,NA,2010-07-09T00:00:00Z
14545,The Analysis and Case Study on Marketing Management Risk in Enterprises,2010 IEEE International Conference on Advanced Management Science (ICAMS 2010),Tang Yang,NA,2010-07-09T00:00:00Z
14558,The Evolution of Concrete Attention Structures on Project Portfolio Selection Decision: A NK-model Simulation,2010 IEEE International Conference on Advanced Management Science (ICAMS 2010),Xinran Wang;Jianzu Wu,NA,2010-07-09T00:00:00Z
14582,The Impact of Career Management Strategies on Organizational Commitment and Career Satisfaction,2010 IEEE International Conference on Advanced Management Science (ICAMS 2010),Xiaoping Liu;Jingsong Deng,NA,2010-07-09T00:00:00Z
14450,The Impact of Shared Product Knowledge and Receivers' Expertise on the E-commerce Consumer Purchasing Decision,2010 IEEE International Conference on Advanced Management Science (ICAMS 2010),Liu Lihua;Xu Jichao;Yang Ping,NA,2010-07-09T00:00:00Z
14574,The Study of Maintain System of Dispatched Workers' Psychological Contract,2010 IEEE International Conference on Advanced Management Science (ICAMS 2010),Wang Liping;Ma Yu,NA,2010-07-09T00:00:00Z
847,A pilot study on perceived stress and PTSD symptomatology in relation to four dimensions of older women's physical health,Aging and Mental Health,Luciana LaganÃ ;Stacy L. Reger,10.1080/13607860903046578,2010-05-06T00:00:00Z
15260,Research and Analysis on Causes of Vocational Burnout of Gym Instructors in Colleges of Hebei Province,"2010 International Conference on Optics, Photonics and Energy Engineering (OPEE)",Lei Xu;Wei Zhang;Dongliang Wang,NA,2010-05-10T00:00:00Z
15263,Study on Aims and Methodology of Setback Education,"2010 International Conference on Optics, Photonics and Energy Engineering (OPEE)",Zichen Li;Wenjing Wang,NA,2010-05-10T00:00:00Z
15235,The Research on the Value of Multimedia Teaching Method in the Course of University Physics,"2010 International Conference on Optics, Photonics and Energy Engineering (OPEE)",Jianyong Guo;Feiming Chen;Guangxin Zhao;Xi Huang;Jihong Liao,NA,2010-05-10T00:00:00Z
13332,A Comparative Study of Consumers' Acceptance Model in Mobile-commerce,2010 2nd International Conference on Computer Engineering and Technology,Xiaolu Cheng;Luzhuang Wang,NA,2010-04-16T00:00:00Z
12999,Psychometric Theory Applied to Questionnaire-based Appraisals on Software Process Assessments: An Initial Report,2010 2nd International Conference on Computer Engineering and Technology,Ivan Garcia;Gabriel Andrade,NA,2010-04-16T00:00:00Z
13242,Employee Engagement and Effective Leadership in Hotel Service Industry of China,2010 2nd IEEE International Conference on Information Management and Engineering,Zeng Hui;Zhou Xiang;Theo A Cope,NA,2010-04-16T00:00:00Z
13553,Research on the Cultivation of Sub-consciousness in Physical Education Teaching and Training,2010 2nd IEEE International Conference on Information Management and Engineering,Zuixin Chen,NA,2010-04-16T00:00:00Z
13511,Research on the Influence of Psychological Factors in Physical Education Teaching,2010 2nd IEEE International Conference on Information Management and Engineering,Shengquan He,NA,2010-04-16T00:00:00Z
13556,The Effects of Cultural Dimensions on Firms' Innovativeness,2010 2nd IEEE International Conference on Information Management and Engineering,Chunling Zhu,NA,2010-04-16T00:00:00Z
7131,A Research on Blahs Bear Correlative and Cognize Warp of Deaf Undergraduates,2009 2nd International Conference on Education Technology and Training,Qiang Li;Chenfei Lu,NA,2009-12-13T00:00:00Z
7436,Effect of Gaze Direction and Face Expression on Visual Reflexive Attention,2009 2nd International Conference on Education Technology and Training,Xin Guan;Qi Wang;Ji Zhang;Xue-Min Zhang,NA,2009-12-13T00:00:00Z
7113,A Comparison of Perceptions on the Investment Theory of Creativity between Chinese and American,2009 5th International Conference on Natural Computation,Pingping Liu;Xingli Zhang;Jiannong Shi,NA,2009-08-14T00:00:00Z
7110,Influence of Organizational Boundary on Psychological Empowerment in Multi-organization Network,2009 5th International Conference on Natural Computation,Bo Yang;Maoshan Qiang,NA,2009-08-14T00:00:00Z
6775,Innovative Mathematical Pedagogical Model Based on Cognitive Psychology,2009 International Conference on Computational Intelligence and Software Engineering,Chengming Qi;Shoumei Cui;Ling Hao,NA,2009-12-11T00:00:00Z
7112,Why Not See: Inhibition on Distractors,2009 5th International Conference on Natural Computation,Han Lin;Kan Zhang,NA,2009-08-14T00:00:00Z
7777,Psychological recovery by community reconstruction and management,2009 International Conference on Management and Service Science,Jing Zhao;Hailong Li;Qing Qiao,NA,2009-09-20T00:00:00Z
7674,Reflections on the Stages and Features of Knowledge Transfer Process,2009 International Conference on Management and Service Science,Zheng Yang;Shan-Shan Zhang,NA,2009-09-20T00:00:00Z
8535,Would Customer Participation Certainly Cause Customer Satisfaction?,2009 International Conference on Management and Service Science,Haijun Wang,NA,2009-09-20T00:00:00Z
6871,Psychopathological mechanism and compensation psychotherapy of internet addiction,2009 1st IEEE Symposium on Web Society,Gao Wenbin;Zhang Fangfang;Chen Zhiyan,NA,2009-08-23T00:00:00Z
4921,Synaptic Strengthening and Continuum Activity-wave Growth in Temporal Sequencing During Cognitive Tasks,The International Journal of Neuroscience,Gerry Leisman;Paul Koch,NA,2003-02-01T00:00:00Z
7259,Coal mine safety on environmental sustainability based on behavior science,2009 International Conference on Environmental Science and Information Application Technology,Xinjuan Li,NA,2009-07-04T00:00:00Z
7104,"A Study on the Relations among Distress Disclosure, Non-Supportive Social Responses and Anxiety of College Students",2009 3rd International Conference on Bioinformatics and Biomedical Engineering,Chu-Mei Lan;Chia-Nan Tai;Ju-An Cheng;Thung-Ming Su,NA,2009-06-11T00:00:00Z
7102,Compilation of College Students' Self-Actualization Questionnaire for Undergraduates,2009 3rd International Conference on Bioinformatics and Biomedical Engineering,Hui Ai;Yu-Xia Huang;Wen-Dao Li,NA,2009-06-11T00:00:00Z
7106,"Relationship of Job Satisfaction, Social Support and Subjective Well-Being in Catering Enterprise",2009 3rd International Conference on Bioinformatics and Biomedical Engineering,Lin Zhang;Yuan-Yuan Li,NA,2009-06-11T00:00:00Z
7103,"Stressful Life Events, Coping Strategies and Mental Health Problems among Chinese Vocational College Students",2009 3rd International Conference on Bioinformatics and Biomedical Engineering,Lin Qiu;Biaobin Yan,NA,2009-06-11T00:00:00Z
2839,The latent structure of the Peritraumatic Dissociative Experiences Questionnaire,Journal of Traumatic Stress,Richard A Bryant;Robert Brooks;Derrick Silove;Mark Creamer;Meaghan O'Donnell;Alexander C McFarlane;Charles R Marmar,10.1002/jts.20388,2009-02-02T00:00:00Z
4104,Putting motor resonance in perspective,Cognition,Sandra C Lozano;Bridgette Martin Hard;Barbara Tversky,10.1016/j.cognition.2007.05.014,2007-07-26T00:00:00Z
6828,Integrated specialty mental health care among older minorities improves access but not outcomes: results of the PRISMe study,International Journal of Geriatric Psychiatry,Patricia A Arean;Liat Ayalon;Chengshi Jin;Charles E McCulloch;Karen Linkins;Hongtu Chen;Betsy McDonnell-Herr;Sue Levkoff,10.1002/gps.2047,2008-07-09T00:00:00Z
8186,Research on the Optimal Incentive Contract Considering Contractorâ€™s Intrinsic Motivation in the Construction Quality Insurance System,2008 International Conference on Machine Learning and Cybernetics,Xing-Hai Chen;Lie-Yun Ding;Han-Bin Luo;Jun Sun,NA,2008-07-12T00:00:00Z
4246,Reliability and validity of the Korean Cancer Pain Assessment Tool (KCPAT),Journal of Korean Medical Science,Jeong A Kim;Youn Seon Choi;Juneyoung Lee;Jeanno Park;Myung Ah Lee;Chang Hwan Yeom;Se Kwon Jang;Duck Mi Yoon;Jun Suk Kim,10.3346/jkms.2005.20.5.877,2005-10-31T00:00:00Z
17357,From indirect aggression to invisible aggression: A conceptual view on bullying and peer group manipulation,Aggression and Violent Behavior,Claire F Grandeau;Antonius H N Cillessen,10.1016/j.avb.2005.08.004,2005-09-19T00:00:00Z
6823,Effect of occupational noise on the nocturnal sleep architecture of healthy subjects,Indian Journal of Physiology and Pharmacology,B Gitanjali;R Dhamodharan,NA,2004-01-01T00:00:00Z
4123,Less pain and more to gain: why high-status group members blame their failure on discrimination,Journal of Personality and Social Psychology,Karen M Ruggiero;David M Marx,10.1037/0022-3514.77.4.774,1999-10-01T00:00:00Z
5819,Evaluation of the relation between Pavlovian occasion-setting and instrumental discriminative stimuli: a blocking analysis,Journal of Experimental Psychology. Animal behavior processes,Robert T Ross;Vincent M LoLordo,10.1037/0097-7403.13.1.3,1987-01-01T00:00:00Z
